user_id,visit_duration,books_borrowed,digital_resource_usage,sensor_interactions,app_logins,real_time_recommendations_used,user_satisfaction
1,107,2,0.2768277972350516,409,2,0,1
2,56,1,0.5923503285933622,359,6,1,2
3,97,3,0.912363345616691,305,13,1,3
4,19,8,0.21066218900566658,267,11,1,2
5,111,5,0.6229665835634828,90,13,0,5
6,76,0,0.6315602200925206,434,8,1,5
7,65,7,0.733113022415281,277,10,1,5
8,25,6,0.1315676851272598,428,3,1,1
9,107,9,0.7158249646820886,244,9,1,4
10,87,2,0.909032520665641,330,14,1,2
11,91,0,0.17968310887024197,320,2,1,2
12,79,4,0.23754332492387764,310,4,1,2
13,79,3,0.9713950940416396,472,0,1,2
14,92,9,0.18097695270948977,483,2,1,5
15,104,7,0.8543850933695791,366,14,1,2
16,108,0,0.4922778564480348,222,7,1,4
17,28,9,0.24723107440317704,71,10,0,5
18,7,0,0.8707499012725114,58,7,0,2
19,26,3,0.4453052550026655,136,14,1,1
20,57,7,0.5148173539296902,232,12,1,3
21,6,4,0.3592333693997657,418,3,1,3
22,92,1,0.5929508514349274,288,1,0,3
23,112,5,0.16352387258502277,417,12,1,5
24,34,4,0.3910815366517607,303,7,0,2
25,42,1,0.9694123223352875,293,7,1,5
26,6,2,0.25813343270112754,286,9,1,4
27,68,8,0.6567366645412922,447,3,1,1
28,64,6,0.3251900642246949,116,2,1,1
29,25,6,0.7734731256866006,155,1,1,3
30,37,5,0.13087366071834983,429,8,1,3
31,80,7,0.9698210450785447,108,0,0,3
32,62,3,0.45378954138363925,438,6,1,2
33,26,7,0.23605046334646396,384,4,1,4
34,112,3,0.07349674733001266,82,7,1,4
35,93,7,0.16975790508754074,446,3,0,4
36,53,8,0.5197739485560177,495,6,1,4
37,95,2,0.3370031764312863,131,12,0,3
38,63,2,0.8288833658826095,39,4,1,1
39,46,1,0.43088752366180594,197,14,1,3
40,96,9,0.2487142725876299,373,13,1,4
41,64,2,0.61714498660403,363,4,1,3
42,84,2,0.7067772168854458,297,13,0,4
43,19,4,0.16704190790094986,460,8,0,5
44,66,4,0.16761921628831766,204,8,1,1
45,66,1,0.03667142693354297,165,12,1,5
46,51,9,0.7364020150656405,181,8,0,2
47,66,5,0.6638045276218051,344,11,1,3
48,55,4,0.4746308757498139,50,5,1,2
49,112,5,0.8441704489691971,72,5,1,3
50,59,0,0.8056701529500532,32,4,1,5
51,68,4,0.5853543643967521,369,8,0,4
52,7,8,0.8682712805132586,84,9,0,4
53,105,9,0.20584121003676825,57,7,1,3
54,55,1,0.11191961939772788,169,6,1,4
55,11,0,0.2697496115169896,322,6,1,5
56,25,9,0.05708685608931485,127,5,1,4
57,77,8,0.531169528001032,109,4,1,5
58,43,9,0.9366056922949615,389,12,1,2
59,22,8,0.03934354066850965,426,3,1,5
60,8,8,0.1221099140100268,417,2,1,1
61,93,5,0.4521990282834353,176,2,1,1
62,64,7,0.9338750175279049,299,5,0,1
63,18,0,0.3161561049767505,449,14,1,3
64,118,9,0.5072348086883924,165,3,0,3
65,13,3,0.0415728590503921,430,11,1,3
66,94,0,0.14834320096208886,16,11,1,5
67,57,7,0.9866301229588469,205,5,1,3
68,6,0,0.9651186964360455,430,2,0,2
69,88,2,0.004939980934409616,65,14,0,1
70,96,3,0.951811785423239,330,3,0,5
71,115,7,0.6391199378155004,202,14,1,1
72,64,5,0.8679182945200221,56,8,0,3
73,75,9,0.4547398556338591,157,4,1,5
74,48,6,0.5155960285792502,284,12,1,4
75,12,7,0.4888465802569202,166,6,1,2
76,51,1,0.6668642575461043,211,9,1,3
77,39,9,0.1396512547563129,453,1,0,3
78,82,7,0.029973589872677953,411,13,1,2
79,85,2,0.3079299415911909,485,13,1,2
80,40,6,0.7046807627366467,428,4,0,4
81,54,2,0.20185345212294836,436,8,1,3
82,108,6,0.6734324333249173,488,10,0,3
83,8,1,0.9699120461072704,484,2,1,1
84,6,9,0.09390071578941839,135,13,1,5
85,10,5,0.6726021182251263,404,8,0,5
86,58,2,0.44375021930457115,314,13,1,1
87,110,2,0.8681422543775054,378,10,1,5
88,8,8,0.1771497894473859,303,14,1,2
89,58,6,0.6926259522261645,73,5,1,5
90,97,4,0.8381152896481102,334,3,1,5
91,67,9,0.9446142194740232,401,6,0,1
92,22,6,0.6832480282896458,427,7,0,4
93,94,8,0.4971747640084273,185,5,0,5
94,48,0,0.6178472402012138,125,4,1,5
95,38,6,0.8689049844787182,449,5,1,4
96,78,5,0.5706097466388297,213,4,1,1
97,66,9,0.03038705969683686,495,7,1,4
98,104,8,0.9309486955069778,330,0,0,1
99,18,0,0.6895267510315611,40,10,0,2
100,99,3,0.6765133857772465,397,6,0,1
101,52,8,0.21567515239771717,122,14,0,2
102,19,3,0.6588854702326572,374,9,0,2
103,76,9,0.3938644056541585,443,9,1,1
104,82,2,0.6512329770414921,334,10,0,3
105,91,8,0.10659303030799072,423,1,0,1
106,66,1,0.657845304603036,385,14,0,5
107,44,3,0.9994137257706666,353,13,0,5
108,89,5,0.04821203886055603,452,8,1,3
109,84,1,0.9771741842213173,76,0,1,2
110,113,7,0.4069079607228706,84,10,1,3
111,86,7,0.8707534503372591,54,9,1,5
112,115,0,0.7823854840582735,269,5,0,3
113,57,2,0.5670162609866678,163,8,1,1
114,28,9,0.7384492092513265,164,0,0,3
115,30,8,0.8785155613013479,439,3,0,2
116,93,4,0.404140321651033,372,3,0,1
117,64,5,0.3270331615632387,457,14,0,4
118,113,3,0.6675933855635847,484,8,0,5
119,45,9,0.8078459419412586,243,10,0,5
120,33,1,0.7622851347766157,60,4,1,3
121,19,7,0.7978136488586345,315,4,0,1
122,49,5,0.435583314812933,271,5,0,4
123,69,4,0.8178342161750216,324,0,1,1
124,93,8,0.12020905537060844,134,0,0,5
125,75,0,0.5444890979608495,408,14,0,1
126,13,4,0.0057586604981215705,254,8,1,4
127,92,5,0.3245858299002703,39,2,0,3
128,5,4,0.3664615348713979,435,3,0,2
129,112,5,0.3961726916092554,494,0,1,1
130,12,5,0.6954672066898622,131,8,0,2
131,92,6,0.38855810127034573,134,14,1,5
132,67,3,0.44869362262253065,46,7,1,3
133,15,7,0.23754413087432746,179,1,0,3
134,119,6,0.3732517916293401,133,7,1,1
135,85,8,0.22726962726315147,366,14,1,3
136,12,6,0.07319592376844364,44,6,0,1
137,39,2,0.6034485933813779,96,10,1,1
138,39,2,0.6682127985550163,143,5,0,2
139,37,7,0.6194903460096145,205,0,1,3
140,9,4,0.46349404380057235,283,14,0,1
141,110,3,0.3797857801792298,210,6,1,2
142,107,7,0.8633336495718252,378,9,0,4
143,45,5,0.519081785136218,294,6,1,2
144,32,1,0.47918187762973097,86,12,0,2
145,11,3,0.025642065806435688,68,13,1,1
146,77,3,0.34124782762615635,440,8,1,5
147,76,5,0.38019561878585706,135,0,1,5
148,16,5,0.3988227808969005,410,1,1,5
149,38,0,0.5801723692273323,118,10,1,2
150,37,7,0.5336025467268785,233,8,1,1
151,52,5,0.6079050927934446,287,12,1,3
152,27,2,0.7648832615421283,77,8,0,2
153,66,8,0.8129857387160935,78,12,1,2
154,92,1,0.7181230762264944,174,5,1,1
155,41,7,0.9555236959549347,498,5,1,4
156,103,9,0.01823258267636163,314,3,1,2
157,48,2,0.1957779856835461,406,3,0,4
158,108,4,0.00756287497814212,171,4,0,4
159,90,5,0.647474714154603,374,2,1,5
160,95,9,0.8980305489499869,351,0,1,1
161,39,5,0.24348229657629927,318,14,1,4
162,69,3,0.9270345447963066,388,0,1,1
163,103,2,0.06026739028956085,352,11,1,5
164,105,3,0.9344360268055143,444,14,0,1
165,51,0,0.3516226872396344,396,12,1,2
166,82,3,0.10142082844921652,51,6,1,4
167,7,0,0.48587175918632564,363,0,0,1
168,5,0,0.25677656772050794,425,0,1,3
169,9,9,0.28487290196192283,118,2,1,1
170,94,5,0.3072899649262866,60,9,0,4
171,18,4,0.8030258978326634,259,14,0,5
172,107,3,0.5391612766752545,350,3,1,5
173,31,2,0.31130769915600365,439,3,0,4
174,13,0,0.6103337833109184,392,1,1,2
175,83,5,0.7161506742231936,30,0,1,2
176,19,1,0.27262400073353377,309,2,1,5
177,94,7,0.4135491015253515,148,10,1,5
178,46,9,0.12188609333694755,368,3,0,4
179,81,4,0.18114934953468032,333,2,1,2
180,55,6,0.6811178539649828,394,7,0,5
181,67,9,0.18143834769562694,101,13,1,2
182,100,1,0.5251633836670602,456,9,0,5
183,107,7,0.7090462617224327,289,0,1,1
184,117,1,0.10687692309474384,134,13,0,3
185,56,3,0.5673122196289035,492,1,0,1
186,100,0,0.25656278370136376,406,12,0,5
187,8,4,0.9629268752375798,120,6,0,3
188,98,8,0.4835456467199247,363,3,1,3
189,105,0,0.8059925497751581,148,7,0,5
190,27,8,0.5502265421562618,493,10,1,5
191,107,7,0.043412532854819164,444,12,1,2
192,113,5,0.6331513755940223,282,2,1,5
193,19,6,0.951403342206657,108,5,0,4
194,47,2,0.6016118201463312,261,8,0,5
195,33,0,0.8191888594267902,347,0,1,4
196,40,4,0.8842064633484078,113,0,0,5
197,17,1,0.22807977194893247,223,7,0,2
198,36,4,0.21204483990822665,258,2,1,4
199,75,7,0.6109809888509917,161,4,1,1
200,63,8,0.4110284698067047,259,0,1,4
201,119,1,0.8398613028667203,284,4,0,2
202,90,2,0.9000231233980112,174,10,1,4
203,32,2,0.3534213793027181,496,5,0,5
204,70,0,0.23687055897448206,350,7,0,5
205,46,7,0.7805255152438618,17,12,1,2
206,49,5,0.2748060355481361,293,13,0,3
207,66,7,0.8226143185136784,14,2,0,5
208,61,8,0.42373825364876283,154,2,0,1
209,10,4,0.6675498992914705,110,11,1,2
210,32,2,0.09553531383466818,173,10,1,4
211,32,4,0.623859324676573,383,10,1,4
212,112,4,0.4517676787372291,156,9,1,1
213,48,4,0.5866084631754741,73,8,0,5
214,88,2,0.16801420774486342,100,3,1,2
215,34,9,0.7368737449441821,126,14,0,1
216,66,3,0.8627970775432285,363,3,0,5
217,79,8,0.21673980009077565,276,11,1,2
218,96,9,0.09571455552016173,319,6,1,4
219,93,8,0.023638586046336396,182,1,0,2
220,107,1,0.641971500443266,56,7,0,3
221,66,7,0.6070940360887808,149,5,0,2
222,101,7,0.54669741271407,255,2,0,3
223,5,6,0.23194709611597542,158,8,1,2
224,31,7,0.39090599590551467,255,4,1,3
225,66,2,0.594476335186173,404,7,1,4
226,81,5,0.4967668588591694,496,6,1,5
227,109,0,0.9877855202148873,485,13,0,3
228,7,6,0.13643975255673313,14,7,1,3
229,107,0,0.6951445540475938,474,6,1,4
230,74,8,0.4043187681042921,193,2,1,3
231,76,0,0.42819961492561476,29,1,1,1
232,31,0,0.7175977656581762,434,6,1,4
233,13,6,0.6924361513243696,55,2,0,1
234,66,1,0.9912559937021883,21,2,1,4
235,41,4,0.12839428945412523,79,1,0,3
236,101,7,0.10410964938416634,26,3,0,1
237,55,7,0.7243388171287412,380,7,0,3
238,110,2,0.5783869170064091,156,11,0,4
239,48,6,0.27416066655980587,163,0,1,3
240,28,2,0.0794193689889866,313,0,1,1
241,83,5,0.08565824959643054,117,11,1,1
242,63,5,0.8941908746641183,245,13,1,3
243,36,2,0.1918673247187429,317,4,1,2
244,100,6,0.32337156211552076,361,10,0,4
245,92,2,0.22665640222698802,79,4,0,4
246,109,7,0.3549963058319373,192,10,1,3
247,56,9,0.06942384274609337,259,11,1,2
248,117,3,0.5190597909082704,237,0,1,1
249,66,0,0.0676125635922149,111,5,0,5
250,117,3,0.8003565078223616,84,0,0,5
251,62,6,0.23371208191043302,426,4,1,3
252,56,3,0.5400119146045106,455,8,0,2
253,16,5,0.8800790875614583,225,11,0,2
254,43,8,0.6508773690471942,416,13,1,4
255,6,0,0.5329577865513353,408,4,0,1
256,7,4,0.3243337531153756,420,5,1,2
257,117,6,0.33300191305819793,212,7,0,5
258,105,0,0.6694869551981901,201,10,0,1
259,117,3,0.9941393612211675,258,0,0,1
260,60,5,0.6618391898493786,251,13,1,3
261,85,1,0.5577834173700249,474,1,0,2
262,63,9,0.7306505102392461,188,8,1,3
263,117,4,0.46520561228371815,446,2,0,2
264,6,9,0.060142342600785215,471,5,1,4
265,6,0,0.5622968158779098,228,4,0,3
266,96,5,0.9576252845053802,91,10,1,3
267,58,5,0.17530294235765964,101,1,1,5
268,91,3,0.6900048908206657,444,13,1,3
269,105,7,0.20093368865905648,184,14,0,2
270,100,3,0.5358276844730813,248,6,0,5
271,101,7,0.09667644964671962,269,3,0,3
272,5,7,0.45037093625818514,400,0,1,3
273,23,4,0.7561633288952461,374,12,1,4
274,6,3,0.3475715242389821,172,3,1,3
275,57,1,0.664911724487218,57,5,0,1
276,48,2,0.7954499607897292,338,6,0,5
277,94,2,0.9271778194794527,337,14,0,1
278,36,3,0.23464208185545354,125,6,1,5
279,74,3,0.39931591580930814,438,13,1,4
280,36,9,0.15241601333041743,346,6,1,3
281,72,4,0.9924835021583752,346,2,0,3
282,59,3,0.9270009679242953,378,5,1,3
283,79,9,0.5399571302805596,234,12,1,5
284,60,7,0.8420332943764213,361,7,0,3
285,21,5,0.5209579772720422,337,3,1,1
286,42,5,0.6235856880027597,156,12,1,3
287,28,7,0.08912443211601662,72,7,1,4
288,73,6,0.7552704204968079,303,1,1,1
289,102,9,0.12771348363523483,332,14,0,3
290,74,9,0.8260676302525284,452,9,0,3
291,90,7,0.7820280876703859,334,8,1,2
292,15,1,0.7087446977429764,22,8,0,5
293,116,8,0.036160380524762115,440,7,1,1
294,20,0,0.3031283559453286,198,9,1,2
295,101,7,0.26311256991084286,296,13,1,4
296,77,3,0.3601364074715191,217,12,1,5
297,63,3,0.08764274676383854,123,9,0,1
298,74,4,0.9369578230310628,489,0,0,3
299,84,7,0.5538022407123763,31,1,0,1
300,97,4,0.30552431065802355,358,5,1,3
301,7,7,0.3969815170742834,223,9,0,5
302,24,9,0.44720254050483565,180,4,0,3
303,63,0,0.6005943333606173,332,11,1,4
304,40,9,0.5156794276964978,63,13,1,3
305,23,8,0.9193919732144173,403,8,0,4
306,94,5,0.49696348290583026,307,4,0,5
307,71,2,0.9921580148233127,329,1,1,5
308,23,7,0.8514249577450957,135,9,0,1
309,24,8,0.2085105143573358,286,3,0,4
310,100,5,0.9305952146439163,473,8,0,4
311,75,6,0.11636639788547609,213,0,1,2
312,56,0,0.8174497084911916,203,10,0,2
313,109,4,0.3806232934765801,178,0,1,2
314,37,4,0.8779743204450695,161,11,1,3
315,44,9,0.8680566901074503,44,6,1,2
316,43,3,0.8059254001176211,193,10,0,4
317,86,5,0.7900304363070614,295,2,1,3
318,108,6,0.3046791390980408,66,9,1,5
319,5,8,0.08091928305125218,231,1,1,1
320,15,0,0.40298017876516146,312,8,1,2
321,96,5,0.17352451498650867,172,2,1,5
322,61,6,0.6949510889024617,28,1,1,4
323,93,2,0.34609972653778553,379,11,1,1
324,54,7,0.9756102008599149,273,7,1,5
325,27,4,0.640972077345332,291,9,0,1
326,35,8,0.822480563634361,122,5,0,2
327,98,4,0.13252467274184843,497,5,0,4
328,46,8,0.8620144822726226,336,9,1,1
329,103,9,0.9227571905133943,39,10,1,5
330,11,3,0.4870619188189359,144,6,1,2
331,20,8,0.6062529377509774,76,6,1,2
332,94,4,0.7648098009029954,74,10,1,5
333,116,9,0.17483862726041255,301,12,1,5
334,64,8,0.5025660764634424,34,14,0,1
335,117,2,0.3986630277723131,46,5,1,3
336,6,3,0.1463739921622491,10,3,0,2
337,5,8,0.36753442229153144,408,10,0,1
338,52,9,0.06817230938549357,46,8,0,5
339,16,5,0.025811906949486985,150,5,0,1
340,73,1,0.13516628915482276,241,3,1,5
341,41,6,0.9631151115891738,145,11,1,4
342,36,1,0.549529535895017,398,2,0,5
343,13,1,0.96582216115322,197,3,1,5
344,109,0,0.432497878330132,137,2,1,5
345,103,2,0.3118161330852596,210,14,0,3
346,23,5,0.5061418628402441,136,1,1,5
347,52,7,0.4395116886329101,266,13,0,2
348,84,8,0.10566468426174391,173,4,1,2
349,7,6,0.6408263146902062,44,1,1,1
350,24,3,0.2160381825095996,203,5,0,3
351,28,5,0.6195879548978296,200,2,0,1
352,58,4,0.6502010923981534,113,5,1,2
353,37,7,0.1520248531286481,32,14,1,2
354,28,0,0.06134962711066816,274,10,0,4
355,79,0,0.7807615860684398,299,9,1,5
356,117,5,0.4598004237693202,439,8,1,2
357,76,9,0.05816379550547579,471,0,1,1
358,40,1,0.9948663171697671,393,5,1,1
359,42,4,0.05778056099636664,269,8,1,5
360,108,0,0.6950352288585532,423,10,1,5
361,88,6,0.9836789252634136,488,3,1,4
362,103,0,0.23918010421592562,367,10,0,3
363,116,3,0.14224936868719618,84,11,0,1
364,93,8,0.1213849394224289,364,1,0,5
365,103,0,0.30327514756759555,81,12,1,1
366,29,3,0.10104581101064669,268,3,1,5
367,97,5,0.6921613416941319,407,0,0,2
368,22,5,0.06229179813006269,197,2,1,1
369,114,7,0.5094221281497897,470,9,1,2
370,86,0,0.9966968538529768,182,8,0,1
371,70,6,0.8139702695060188,489,9,1,3
372,58,0,0.6152194382310109,299,4,0,4
373,39,6,0.30625362078661167,54,14,0,2
374,84,2,0.6238958362916385,70,10,1,5
375,65,7,0.5270414639116516,92,5,1,3
376,45,2,0.4260833838903715,132,2,0,1
377,104,0,0.13071037674019947,367,4,1,2
378,37,7,0.8866042152404667,25,10,1,1
379,72,2,0.4497846488213225,75,7,0,1
380,37,1,0.19462251182076507,433,5,0,1
381,18,0,0.3677593508772896,154,3,1,4
382,25,2,0.41412975252892703,384,1,0,4
383,52,1,0.8275378955668743,171,13,1,5
384,24,1,0.733614380561402,243,8,1,2
385,12,5,0.7693048936413398,389,12,1,3
386,11,0,0.011031264428647214,153,11,0,3
387,71,1,0.4161539981797615,367,0,1,3
388,21,5,0.4813441516353236,197,0,1,1
389,37,2,0.019192276823056686,331,12,0,4
390,52,3,0.2598132087450342,459,3,0,2
391,80,0,0.760289823122135,483,6,0,1
392,63,7,0.13710970572899905,22,0,1,4
393,119,6,0.5353101314525917,193,8,1,4
394,90,6,0.2152018720172375,120,3,0,2
395,26,2,0.012120774643893273,424,2,1,2
396,114,9,0.24120145759954148,299,0,0,2
397,34,9,0.9758737549100538,304,9,1,1
398,42,2,0.8015371118829896,460,3,0,5
399,106,1,0.9595766443210334,401,8,1,2
400,113,0,0.48785404392636245,224,12,1,5
401,55,6,0.1097361986775035,471,13,1,1
402,58,6,0.547959488973693,129,9,0,5
403,12,1,0.4543773345599609,391,5,0,3
404,31,6,0.844357082739616,64,5,1,5
405,31,7,0.09808258078424459,36,0,0,2
406,102,0,0.4882411370217782,127,9,0,1
407,25,8,0.15004866469398426,230,1,0,2
408,34,6,0.32467592689006,240,10,1,3
409,101,2,0.7373570773877997,62,5,1,2
410,32,7,0.47601812936876653,304,1,1,2
411,115,6,0.37588828514576933,330,2,0,2
412,68,7,0.3944762785700353,410,3,0,4
413,101,5,0.45944676840598664,242,10,1,3
414,73,8,0.7850165438370569,167,4,1,2
415,65,4,0.8920846889402344,446,14,0,2
416,52,2,0.9553346865039283,278,8,1,2
417,23,2,0.7869033862552951,30,11,0,1
418,8,0,0.31540689574801273,412,14,1,4
419,39,7,0.6881347060865421,62,14,0,1
420,68,1,0.4376031240553919,284,3,1,4
421,53,2,0.2546706220460512,322,12,1,2
422,21,7,0.8408715794259226,290,10,1,3
423,48,7,0.038426348962324997,223,8,0,5
424,96,3,0.9017619921354235,40,10,1,5
425,34,3,0.46147746462473416,346,9,1,2
426,97,4,0.6372014768082804,192,2,0,1
427,50,5,0.6593539222057827,32,7,1,3
428,10,4,0.8951177407065364,41,11,1,4
429,103,6,0.6366696821672073,455,0,1,2
430,109,1,0.6139335847600618,83,10,1,3
431,41,6,0.06665204056068996,19,8,0,3
432,28,9,0.5184080219452041,493,8,1,4
433,97,6,0.15016900081704165,465,9,0,3
434,117,0,0.7374337687214856,63,1,1,1
435,50,6,0.5122219208126745,61,3,1,1
436,57,4,0.6802277792083533,157,12,1,1
437,99,2,0.041672900602384266,169,7,0,3
438,103,2,0.08479201604580322,379,6,0,1
439,64,3,0.7163233880626823,23,0,1,4
440,101,1,0.07208433599867337,187,4,1,3
441,67,1,0.0712567277652586,421,6,1,5
442,89,0,0.01210847523488745,375,14,1,3
443,36,4,0.9565013982994801,62,3,1,4
444,91,3,0.737508359459007,417,14,0,5
445,37,9,0.35325140850206416,344,14,0,3
446,71,1,0.2965355812876552,31,0,0,1
447,22,2,0.34970322974584955,39,8,0,2
448,29,6,0.7746535311811819,200,13,1,2
449,110,6,0.6613706110704144,269,4,1,1
450,99,3,0.18519556786746794,214,10,1,2
451,58,4,0.17410933533408435,68,1,0,2
452,62,4,0.09839564971339732,480,7,0,1
453,71,5,0.6603027197013381,273,10,0,1
454,108,8,0.7643726622217359,475,12,0,3
455,50,1,0.265046428325004,21,1,1,3
456,28,4,0.020944961030912812,128,2,0,1
457,118,2,0.08217166747642735,424,13,1,4
458,36,3,0.9678600348450305,471,9,0,2
459,51,9,0.29544477747742026,299,0,1,3
460,90,5,0.7692231478381336,347,10,1,2
461,27,7,0.6246635688542638,257,1,0,5
462,70,0,0.3819396396528959,363,13,1,1
463,31,9,0.2056872621955551,136,6,1,4
464,110,7,0.12138641815940643,84,9,1,5
465,6,6,0.6150129680388666,370,1,0,5
466,94,0,0.774633780637788,213,5,1,5
467,21,1,0.6439042535411307,58,14,1,1
468,108,2,0.5303021332491583,88,2,1,3
469,37,0,0.041951223431636264,450,3,1,1
470,13,8,0.9684887775943838,488,10,1,3
471,47,7,0.7987141916545746,250,14,1,5
472,52,1,0.29282203670096474,358,12,1,5
473,43,8,0.9799703293588506,163,7,1,4
474,97,6,0.6018815896363221,283,13,1,3
475,46,8,0.5824226582072465,105,2,1,5
476,30,5,0.7480731794295321,223,9,1,2
477,103,5,0.8117697880901376,303,5,1,4
478,54,3,0.6564786073315027,218,0,0,1
479,29,9,0.12809574636620003,352,6,1,4
480,28,9,0.3382675059944984,97,7,1,2
481,17,1,0.9280836403260497,315,10,1,3
482,64,6,0.22461561184385193,273,13,1,1
483,11,4,0.3721670238375133,434,7,0,1
484,61,5,0.432076882944196,399,2,1,3
485,40,1,0.4394049896944522,334,13,0,4
486,49,4,0.6129395824945255,437,9,1,5
487,24,9,0.9430758377447076,386,0,1,4
488,69,3,0.24069271183250496,329,8,1,2
489,12,8,0.12150137630091806,166,12,0,5
490,114,5,0.19747048985993731,165,5,1,4
491,20,1,0.8869249002092695,148,10,0,3
492,18,0,0.645810812655206,130,8,0,2
493,80,4,0.28590678923916013,74,6,0,2
494,119,8,0.8159469389686173,116,0,0,2
495,91,5,0.861369996363436,156,11,1,5
496,19,9,0.846514338690278,146,11,1,1
497,96,6,0.9189265336395545,420,0,0,5
498,102,4,0.2522410201733616,171,5,1,4
499,70,9,0.7550419287462783,437,4,0,1
500,36,5,0.46053949727414,461,8,1,4
501,91,4,0.8419985528900615,109,1,1,1
502,67,8,0.7284906771616132,347,7,1,5
503,90,5,0.7764474464997246,408,10,1,2
504,55,7,0.6561618376810715,316,4,1,3
505,29,1,0.17742876946970687,150,1,0,2
506,62,8,0.5450269188969383,92,12,1,5
507,67,4,0.9846697395245082,186,9,0,1
508,66,6,0.9373880664971189,207,10,1,2
509,26,9,0.04317373579701167,121,10,1,5
510,62,0,0.16481481572943713,65,11,1,4
511,62,9,0.1317287734545619,469,5,0,3
512,90,4,0.7259799099852955,188,9,1,2
513,53,9,0.8177853298569451,430,7,0,1
514,56,1,0.2135113663106719,410,3,1,4
515,46,5,0.505852692951829,195,1,0,5
516,74,0,0.8407030280112,480,11,0,3
517,19,2,0.7328015447662506,227,10,1,1
518,58,4,0.5422372054918483,422,4,1,5
519,111,3,0.5903476904587729,426,14,0,5
520,64,2,0.50836054691628,325,11,0,2
521,105,9,0.2975484513188206,484,1,1,2
522,101,4,0.5650219928590161,226,1,1,1
523,12,7,0.6888853020500907,129,14,1,5
524,57,3,0.8733229158608077,448,5,0,2
525,64,0,0.6362913539792481,403,10,0,3
526,112,6,0.761121537043158,184,9,0,3
527,112,7,0.160071634954573,32,8,0,5
528,9,2,0.4615574744197899,222,12,1,2
529,107,5,0.009331619827093296,414,3,1,1
530,72,1,0.24667886452162302,244,5,0,1
531,10,6,0.7264617151130048,22,6,0,1
532,113,7,0.9918099513493635,110,12,0,3
533,100,5,0.0991780995872159,426,10,1,2
534,98,5,0.40149431586128825,33,5,1,2
535,51,4,0.8000709686991595,373,7,0,3
536,103,7,0.20403563462889884,20,3,0,1
537,59,0,0.5550849493022862,282,11,1,1
538,44,9,0.7330712960296748,461,14,1,5
539,56,3,0.615985450260179,440,0,1,4
540,20,3,0.18802473461541613,290,6,0,2
541,17,2,0.3553845686857394,103,2,0,2
542,118,2,0.7837917844853972,210,13,1,2
543,110,3,0.5542265141320166,30,5,0,4
544,34,0,0.005229613542912737,349,1,0,5
545,23,1,0.7609907600280938,476,8,1,4
546,21,8,0.03531135494023907,220,0,0,1
547,67,9,0.7457337827312321,149,5,1,1
548,23,1,0.2024805601652374,302,5,0,2
549,96,4,0.9580734801193802,307,4,0,3
550,62,8,0.3679407513020845,410,12,1,2
551,59,8,0.3269316163380791,110,4,0,3
552,94,7,0.14888805033244468,313,0,1,4
553,105,0,0.3056042154902149,368,9,1,1
554,94,0,0.8766507618282006,37,11,0,3
555,66,8,0.9963343376272473,50,4,1,4
556,27,7,0.36830953050684834,364,1,0,1
557,13,9,0.44861063095454257,312,6,1,3
558,16,8,0.722070938202737,155,2,0,2
559,5,6,0.8861957804650745,265,12,1,2
560,62,2,0.5930443341867842,471,14,0,2
561,5,2,0.39152569817782934,236,3,1,4
562,115,1,0.41262184084862374,245,2,1,2
563,38,4,0.6956181464968069,370,2,1,5
564,100,2,0.0032182636042786816,389,3,0,1
565,52,5,0.6195893374598407,464,4,0,4
566,93,1,0.3554930104413574,498,0,1,2
567,108,2,0.7941973312770843,22,3,1,1
568,113,4,0.09299063982313216,219,11,0,3
569,5,0,0.5882022669483905,238,11,1,2
570,20,0,0.48097288988612374,406,10,0,1
571,65,9,0.6423255259052274,109,7,1,5
572,107,8,0.06485359448296835,40,9,0,3
573,68,6,0.5799837874281313,395,6,0,5
574,67,0,0.5614845879595237,25,8,1,1
575,73,7,0.5606600944161709,146,4,0,5
576,26,2,0.6034876665964548,338,12,1,1
577,97,7,0.6764679372263622,175,14,1,1
578,71,4,0.8049889996807698,468,9,0,5
579,80,0,0.26982072012821434,319,3,0,1
580,30,6,0.8250494101800621,449,7,1,2
581,20,4,0.4982556822634536,479,8,0,1
582,55,5,0.07705827913433116,490,12,1,4
583,105,5,0.0585509292439792,109,6,1,1
584,90,7,0.3342383186960608,118,13,1,4
585,61,8,0.7848969771114676,352,6,0,1
586,33,1,0.7076809347409158,182,4,0,1
587,82,8,0.7886149646724064,246,3,0,5
588,96,9,0.5172690564416094,171,13,0,2
589,73,8,0.44019899795549056,402,9,1,2
590,51,9,0.14745252670628395,225,0,1,3
591,117,9,0.32819275360931155,273,9,0,5
592,98,6,0.43401936617387527,272,9,0,5
593,114,0,0.08860042967961723,301,6,0,2
594,66,6,0.22061195271121126,283,0,1,5
595,73,9,0.5982252940637388,12,0,0,2
596,80,4,0.7356631142391898,37,4,1,5
597,20,5,0.9983475113929496,335,12,0,1
598,94,9,0.9331133313435577,437,8,1,2
599,94,6,0.6425651995351915,158,5,1,2
600,52,4,0.421248053294072,37,2,0,4
601,89,6,0.6361773647082327,497,12,0,5
602,43,8,0.785651618080232,319,2,1,5
603,104,2,0.11833619092338732,447,6,0,2
604,37,7,0.40990488969628824,74,5,1,1
605,98,1,0.8398022856356172,365,8,1,1
606,105,6,0.383832951933044,30,5,1,1
607,27,1,0.5718722712271865,261,4,1,5
608,14,3,0.5877693608621982,244,9,0,4
609,73,6,0.18447625313363936,236,6,0,2
610,104,2,0.3622354416522884,22,0,1,3
611,38,1,0.33451128874193214,322,11,0,4
612,56,9,0.026196708532064794,58,6,1,3
613,99,6,0.024191763891355245,127,2,0,4
614,14,0,0.8316970436757735,63,13,0,1
615,23,7,0.2730708099728124,147,8,1,5
616,62,2,0.5180787662388154,62,14,0,3
617,100,1,0.29872557358877305,53,5,1,4
618,5,2,0.9406792451153405,312,8,1,5
619,73,4,0.25929675886577375,62,12,1,3
620,113,7,0.4296568127389351,83,14,1,2
621,8,9,0.8727302504846018,55,4,1,4
622,20,6,0.8419335667918086,22,6,1,2
623,28,6,0.18610141784627732,174,12,0,1
624,84,6,0.8026433097957104,111,13,1,2
625,6,7,0.45818688673789265,289,3,1,2
626,117,0,0.4829688720853552,267,14,1,4
627,96,3,0.13347997241594378,479,6,1,1
628,36,5,0.08060151375712465,346,12,0,2
629,95,8,0.7279393069737652,365,0,1,5
630,88,1,0.49646115235529975,407,6,1,3
631,28,0,0.43685070261517955,147,7,0,2
632,16,9,0.7295082286523967,172,4,1,1
633,54,1,0.7655128989911097,418,1,1,2
634,39,6,0.15890816766935356,396,4,1,3
635,37,2,0.6102251494776413,120,5,1,1
636,37,9,0.13535408227768553,111,11,1,4
637,65,1,0.7513750860290457,26,1,0,1
638,55,6,0.6569551562671395,277,13,1,4
639,47,1,0.956614621083458,191,5,0,1
640,105,2,0.06895801635642118,381,5,1,3
641,16,6,0.05705472115125432,33,0,1,3
642,71,3,0.28218707469320015,38,13,0,1
643,69,0,0.26170568373590597,180,0,0,2
644,37,4,0.24697879907199982,418,13,1,3
645,44,8,0.9062545805210367,237,10,0,4
646,78,7,0.2495461998495061,387,9,1,4
647,47,8,0.271949726128631,197,2,0,5
648,48,9,0.7593982624179637,355,13,0,4
649,33,8,0.44973984245054,239,9,1,5
650,17,6,0.7767105569551812,330,9,1,1
651,16,3,0.06536615756438524,349,14,1,1
652,99,4,0.4875711936733843,128,11,0,1
653,50,0,0.03361360018328263,165,2,1,2
654,6,0,0.06265320345535452,281,3,1,2
655,119,2,0.906437453344411,184,1,1,5
656,118,7,0.13924537111759516,474,8,1,4
657,39,1,0.5324206822752171,113,9,1,4
658,91,3,0.41109560260070654,101,11,1,1
659,85,1,0.3473433262588427,195,10,0,3
660,94,4,0.8998333456872725,469,13,1,2
661,12,8,0.0218233967754895,292,6,0,2
662,97,0,0.6637896861755891,190,6,1,1
663,30,4,0.9633944342135504,179,14,0,2
664,78,8,0.5601681834618419,196,5,1,1
665,94,0,0.9368224620330918,184,14,1,5
666,38,8,0.05225787928602377,231,2,0,4
667,119,7,0.4187933190741614,242,5,0,3
668,109,3,0.26015779096205116,171,14,0,4
669,11,9,0.7308209649807298,430,13,1,4
670,72,4,0.9812970904972467,143,11,1,5
671,62,4,0.2565300624442478,400,7,0,2
672,118,5,0.6541746014740745,489,7,1,3
673,113,6,0.19809763275974013,233,10,0,2
674,79,7,0.5653302545716099,162,12,1,4
675,33,7,0.4639324866883362,42,8,1,1
676,40,1,0.9720053296315371,64,14,0,4
677,93,8,0.6085272726964666,451,0,1,2
678,25,6,0.3495063720868188,16,13,0,4
679,40,3,0.11409578488793337,253,0,0,1
680,14,3,0.15124682873493456,322,2,0,5
681,105,7,0.2253169299512351,135,2,0,2
682,77,3,0.250966661340298,21,9,1,4
683,28,5,0.8506160578411378,25,7,1,2
684,68,4,0.5612227882825249,217,14,1,5
685,103,2,0.5233909113743664,52,9,0,4
686,53,9,0.11476887186921747,382,0,0,4
687,103,1,0.860139693349435,493,12,1,2
688,116,8,0.7228143032084837,470,1,1,2
689,40,9,0.06766836190000158,144,1,0,1
690,86,8,0.7078350972297687,237,2,1,5
691,117,0,0.5435382173426461,120,12,1,1
692,107,9,0.08172534574677826,316,5,1,4
693,100,2,0.45830064152865646,466,0,1,2
694,28,7,0.484696287130047,169,1,0,4
695,27,5,0.16577454016327575,340,12,0,4
696,66,4,0.9456981470002823,273,14,1,3
697,100,4,0.8499753714806619,234,12,0,3
698,41,5,0.6690223373291083,480,0,1,4
699,16,6,0.4622955610006072,226,4,1,2
700,117,0,0.4117655415845085,465,12,0,4
701,59,8,0.6509734671509542,54,12,1,3
702,17,2,0.5454318694069055,223,6,0,2
703,27,3,0.062273105881885615,68,7,1,4
704,93,9,0.5125026487703317,141,9,1,5
705,103,0,0.8064036172328395,113,0,1,5
706,109,9,0.45923987759695806,204,6,1,4
707,34,2,0.05195657755426841,422,12,1,2
708,21,1,0.7862781993840331,498,4,1,4
709,117,1,0.2013637821359744,166,9,1,4
710,66,0,0.2586208348880388,107,0,0,3
711,88,7,0.1647063534322959,235,2,0,5
712,116,2,0.33021506487149754,421,6,0,3
713,93,2,0.756751505688635,214,9,0,3
714,90,5,0.5193858595039373,88,0,1,4
715,17,7,0.20488127415071256,133,6,1,3
716,63,8,0.8778300781520408,480,4,1,5
717,23,8,0.8795818549515292,437,0,0,3
718,53,3,0.8705784250460069,227,0,1,5
719,104,4,0.23879621138153928,13,13,0,3
720,16,1,0.4512393441809881,99,0,1,5
721,65,8,0.9849896561408751,113,10,1,3
722,109,7,0.7720124763099904,402,8,0,3
723,23,2,0.027167421225559818,128,10,0,2
724,80,8,0.06520459126049205,142,12,0,5
725,13,2,0.46393137681233276,321,2,1,5
726,75,8,0.9092202058615602,105,14,1,5
727,32,1,0.5387017979527142,477,12,1,1
728,82,9,0.4978125080342902,443,4,0,3
729,99,8,0.10547369995663058,340,10,1,5
730,56,7,0.656780104724294,152,9,1,1
731,87,8,0.8221031606002255,297,11,1,2
732,115,4,0.38042000750756233,37,8,0,5
733,20,1,0.7756118509253275,287,5,0,5
734,73,7,0.9644766539008116,242,11,1,1
735,103,5,0.2037664591276891,26,8,0,3
736,16,7,0.5233296311947413,68,7,0,2
737,29,4,0.28713795808457554,99,7,0,5
738,56,9,0.7928544190338394,208,0,1,3
739,89,1,0.5775933658811575,371,12,1,2
740,104,5,0.6345824175503038,450,8,1,4
741,57,4,0.7979141596158941,35,5,1,4
742,27,4,0.3959704726624549,34,8,1,2
743,20,0,0.9150900684070432,403,2,0,1
744,61,1,0.53302886724614,310,11,1,2
745,43,7,0.157954822835348,348,2,0,2
746,113,2,0.6958991181688025,276,5,1,1
747,57,9,0.7932613504382544,470,8,0,1
748,46,2,0.31676167706752667,190,6,0,3
749,62,7,0.857179256998753,465,13,0,3
750,43,7,0.9061432547657664,369,12,0,1
751,18,1,0.2769044873778089,77,2,0,4
752,99,7,0.9835214727152221,360,2,0,4
753,9,0,0.14071152804875842,421,1,1,2
754,39,5,0.20201566840248997,468,8,1,5
755,91,7,0.18422483923802613,330,12,1,2
756,97,2,0.8939897100078704,58,14,1,2
757,111,7,0.6542925523249619,184,2,1,5
758,79,0,0.15210428322227287,61,10,1,1
759,22,8,0.440323418368349,111,4,1,4
760,115,8,0.615298025069802,225,13,0,2
761,80,4,0.08346408498938329,447,13,0,5
762,13,9,0.8824163684073387,197,8,1,3
763,78,3,0.8036035354415352,66,7,1,2
764,62,5,0.5052067735766382,56,1,1,4
765,112,6,0.9671266152591704,168,2,0,1
766,21,4,0.4177609792750997,498,1,0,2
767,106,9,0.9841103190364978,183,7,1,2
768,11,8,0.6679199988036271,251,5,0,5
769,50,2,0.6346712732539415,291,5,1,3
770,17,6,0.165954895295785,250,11,1,3
771,44,9,0.881927758304644,379,14,1,1
772,46,9,0.42748968792061515,14,8,1,4
773,13,4,0.16223340578247936,93,7,1,1
774,54,6,0.01260751997575904,317,3,1,2
775,31,1,0.5597556836383826,370,14,1,2
776,70,3,0.5273996221226763,468,11,1,3
777,9,1,0.7193536223691586,257,3,0,4
778,33,6,0.8902580530178021,63,8,0,5
779,41,1,0.07940658464302952,170,0,0,4
780,42,0,0.7314964903403623,443,12,1,2
781,87,8,0.18741194409758222,431,1,1,5
782,12,0,0.858177053157164,420,1,1,4
783,116,7,0.8190635138616561,235,12,0,4
784,113,1,0.5407937549855444,24,12,0,5
785,69,7,0.7102427986233115,233,5,1,2
786,90,2,0.3143501131837484,70,14,0,4
787,21,5,0.47116789893281463,131,3,1,5
788,75,2,0.8216368977104717,286,12,1,2
789,93,6,0.4592651971732139,55,10,1,5
790,49,9,0.3577982653254418,462,9,0,5
791,8,8,0.4942124472502999,399,12,0,4
792,40,1,0.8282492524372184,303,2,0,2
793,74,4,0.33520804737087273,71,2,1,4
794,35,5,0.1737615931357438,95,2,1,1
795,23,3,0.7120140203307808,455,5,0,1
796,65,3,0.8259782127080818,219,13,1,2
797,112,3,0.10063747852353333,87,7,1,5
798,58,1,0.23987411275594472,211,10,0,4
799,43,3,0.1419719897609939,311,6,1,4
800,95,0,0.3479414115821666,406,13,1,2
801,78,5,0.45035097890541265,232,3,0,2
802,94,0,0.7488263369633065,231,10,0,1
803,23,9,0.6511475848816741,12,11,1,3
804,43,5,0.6209285674784312,487,3,1,2
805,71,0,0.3523749466096544,15,10,1,3
806,49,5,0.8414475530847599,102,9,1,2
807,17,9,0.47128716739816456,17,14,1,5
808,118,7,0.9791049380151545,437,10,0,5
809,96,1,0.6341421382957368,244,10,1,1
810,62,1,0.12626474156450274,117,13,1,1
811,24,3,0.676177562075434,170,10,0,3
812,96,2,0.325104015431699,218,1,1,2
813,76,3,0.6863271966860974,249,13,1,4
814,65,6,0.06964114816240574,340,0,0,1
815,109,0,0.1748814371759594,342,8,1,4
816,43,5,0.8557372589057863,59,11,0,4
817,5,2,0.2271795570235149,20,14,0,2
818,7,9,0.83704112524294,360,11,0,3
819,81,6,0.27927608845441043,165,1,1,2
820,96,9,0.6428819100587077,79,12,1,1
821,66,1,0.694150573509831,178,7,0,4
822,67,1,0.5126547531450529,281,14,1,2
823,117,3,0.3053106766967313,77,8,0,2
824,29,0,0.21264437637109612,364,3,1,2
825,60,2,0.03318935456242622,261,7,1,1
826,37,8,0.3039464012407238,57,8,1,3
827,42,6,0.653162790531283,193,9,1,2
828,10,6,0.9383048184484827,329,9,0,1
829,62,3,0.871204482263052,196,4,0,4
830,48,1,0.7660647765353026,99,12,1,5
831,49,3,0.7884473432532987,455,13,1,1
832,36,5,0.6649849034759953,341,6,0,5
833,49,2,0.260286857566003,148,9,0,2
834,65,0,0.9071950307058299,366,3,0,2
835,51,7,0.670732311905834,98,0,1,1
836,25,4,0.56044063098044,283,2,0,5
837,84,4,0.11098946921348107,28,4,1,2
838,89,3,0.4470555438064254,480,2,1,4
839,79,5,0.4603582712019263,320,11,1,3
840,105,2,0.86456360952267,367,12,0,3
841,40,8,0.5466482201877885,383,10,1,2
842,103,4,0.38040054897040965,475,6,0,5
843,23,2,0.9768003285106593,163,11,1,2
844,24,0,0.11072059332631567,399,8,1,5
845,61,9,0.4225484283119446,269,14,0,4
846,22,5,0.04202467517140529,117,11,1,5
847,51,1,0.7399041207669304,380,5,1,2
848,109,2,0.9180765521991506,294,12,1,4
849,53,0,0.28003732955048943,68,9,0,1
850,18,8,0.8583416767991209,134,0,1,3
851,19,7,0.29221823046189777,363,6,1,2
852,35,1,0.9107701616439152,282,14,1,2
853,5,7,0.7539619035967839,116,2,1,2
854,58,8,0.8049067768414386,308,4,0,4
855,7,0,0.0180065556004545,254,9,1,1
856,20,4,0.962810357074026,345,3,1,5
857,91,7,0.7266709920703233,459,9,1,1
858,61,1,0.3047510953861333,427,4,1,4
859,79,3,0.8293946648588469,256,4,0,2
860,16,6,0.28152119841492995,17,5,0,3
861,78,2,0.872753839566128,150,13,0,2
862,100,4,0.11258039041193701,371,9,0,5
863,20,7,0.7036859774607958,17,11,1,3
864,76,9,0.5406984766449103,487,9,0,2
865,106,2,0.09653447019544081,361,12,0,3
866,80,3,0.24189382825883898,493,12,1,1
867,28,8,0.01240403627731479,103,10,1,4
868,32,6,0.46876796546450583,330,5,1,2
869,12,0,0.3012652607600004,436,7,1,5
870,96,3,0.5983574842977588,48,7,0,1
871,40,3,0.2972378077086172,90,10,1,2
872,94,8,0.2999191115069847,196,8,1,1
873,12,5,0.7431931987316034,93,7,0,5
874,62,8,0.04814283597835345,97,12,1,2
875,64,5,0.9028949951919872,251,10,1,5
876,54,5,0.8522638743911815,351,1,0,3
877,32,4,0.6678046832264065,102,13,0,5
878,96,4,0.5932215701073843,95,13,0,3
879,105,1,0.8923024981396522,53,11,0,2
880,45,7,0.18533017952871444,146,9,1,3
881,104,7,0.07896916219082861,430,11,1,2
882,68,0,0.2395101699095381,83,10,0,2
883,31,7,0.7945782787001903,45,14,1,4
884,67,4,0.03467026672648332,110,0,1,2
885,21,1,0.5828068350834896,485,9,1,3
886,77,1,0.9954375161913099,165,1,1,4
887,37,5,0.8556960938375394,435,1,0,4
888,88,8,0.5214456890435895,264,11,1,2
889,81,0,0.06364090928664234,180,2,1,5
890,96,5,0.8313735143857098,478,9,1,5
891,116,8,0.5989785081772105,225,6,1,4
892,33,7,0.11493299705956683,179,1,0,2
893,17,5,0.0938572848233562,261,13,1,5
894,50,2,0.9096268194365924,369,0,0,2
895,39,7,0.6692002629380784,331,13,1,2
896,10,8,0.8292867993167555,64,5,1,4
897,86,0,0.8789789002822673,465,8,0,4
898,119,8,0.5717723520483222,441,14,1,1
899,73,5,0.5174463517550413,100,2,0,5
900,51,5,0.4304274103209902,287,5,1,5
901,29,3,0.3169465877911193,110,2,1,5
902,70,0,0.43459596085871177,164,13,1,3
903,14,9,0.7738796557301564,386,12,1,2
904,60,7,0.6019234310151316,358,0,1,4
905,34,1,0.8925232899548461,460,13,1,5
906,118,0,0.4433800143791877,373,12,1,1
907,113,1,0.607089578718754,150,11,1,5
908,9,0,0.6313075530919887,182,4,0,2
909,37,0,0.5916971623063255,19,9,1,2
910,69,8,0.7026337730855163,237,13,0,4
911,22,0,0.23743346837480628,274,12,1,3
912,100,3,0.5123637775457907,447,10,0,4
913,115,9,0.10422480280834767,257,3,0,5
914,53,5,0.38451132764481255,256,6,1,1
915,15,6,0.4876670686212644,164,5,1,4
916,89,1,0.6522242595454725,43,9,0,3
917,30,5,0.9505310525862035,138,6,0,4
918,67,6,0.6006510665483559,169,4,1,2
919,93,9,0.7435939161765598,98,14,1,5
920,90,9,0.5062660594952028,102,14,0,5
921,63,1,0.6341040313763313,336,3,0,5
922,31,1,0.07093221613377343,250,6,1,5
923,53,9,0.254391580841847,332,6,0,5
924,81,6,0.3618530932051387,477,5,1,5
925,37,0,0.47249335500651357,413,7,1,1
926,102,7,0.045648745502383736,126,3,1,3
927,109,2,0.14002409755331768,103,9,0,5
928,103,5,0.2768143077913058,172,4,1,3
929,5,8,0.9715326909010507,108,3,1,5
930,25,5,0.33134700710305076,122,11,1,4
931,116,8,0.48204105811208253,368,0,1,5
932,59,6,0.19609771273839294,100,11,1,2
933,10,8,0.6107800710757683,355,7,1,1
934,96,1,0.2806832155159743,215,0,1,4
935,85,7,0.20699257843842678,26,4,1,4
936,73,7,0.5165726284459791,283,14,1,2
937,99,1,0.005505799160420821,182,5,1,5
938,9,3,0.0076640326492253275,125,5,0,1
939,106,6,0.21906880910185778,358,12,1,4
940,7,3,0.03672136250082114,477,4,1,1
941,57,3,0.10802575413069138,190,2,0,4
942,27,5,0.3388606493387516,100,14,0,5
943,105,9,0.8025856795798129,91,4,1,4
944,57,5,0.5720486433693008,333,11,1,4
945,41,9,0.5126677259564164,458,7,1,3
946,78,2,0.29348882320812164,123,13,0,5
947,78,8,0.9317537194328164,266,1,1,2
948,87,9,0.39701504123719167,67,5,0,2
949,21,1,0.08709276679577149,163,8,1,5
950,89,5,0.6170665161178013,374,7,0,2
951,82,6,0.11383839347660141,413,13,0,5
952,77,8,0.3452231428016921,125,10,0,2
953,114,2,0.5074119387178089,352,7,0,3
954,5,9,0.8742225246851758,275,7,0,2
955,55,2,0.49354658034011867,324,14,0,4
956,49,6,0.7022587660316643,212,12,1,5
957,81,3,0.9928168389990704,50,6,1,1
958,8,7,0.13148911989798162,114,7,0,1
959,66,6,0.2747315255195195,398,12,1,5
960,69,4,0.3945760755976464,387,5,0,3
961,117,6,0.42182817853883137,202,1,1,2
962,108,2,0.41102107526554577,410,1,0,3
963,36,1,0.9076110025565549,287,7,0,1
964,38,5,0.7140326444668564,363,10,1,5
965,96,1,0.6079052140907037,246,0,1,5
966,99,2,0.3093727178627821,434,5,1,3
967,76,5,0.8237903842212947,230,12,1,3
968,43,4,0.9550605114849889,77,5,1,2
969,30,7,0.8211982825502265,206,10,0,4
970,38,8,0.0015651051914729042,265,3,0,4
971,58,2,0.636401370183407,148,11,0,2
972,7,9,0.051135381442100725,321,10,0,4
973,54,2,0.25760722033372185,444,12,1,1
974,16,2,0.059524700347771686,158,14,1,4
975,69,5,0.6037954529493877,108,10,0,2
976,58,0,0.6865899134926068,85,12,1,4
977,112,6,0.11448763806590512,291,9,1,5
978,9,0,0.3838388830449795,380,2,0,3
979,98,4,0.456236508955542,412,12,0,1
980,98,9,0.3690530217609166,118,10,0,5
981,61,7,0.12102500048519305,197,2,0,5
982,21,3,0.4189477901874754,208,14,0,2
983,116,4,0.7511780478084181,312,14,1,3
984,51,3,0.07100766453325547,336,12,0,3
985,27,3,0.08018001408190345,163,12,0,1
986,83,7,0.3547712918359842,49,0,1,2
987,105,1,0.941725711618925,142,2,1,1
988,89,0,0.668572646722914,414,3,1,4
989,18,2,0.6786699566725648,471,10,0,5
990,70,8,0.36191999083786497,141,10,0,1
991,79,3,0.5936607912085384,288,4,1,5
992,55,9,0.010131184027743378,371,2,0,2
993,107,4,0.6360960464095422,93,5,0,4
994,42,1,0.9132869475762367,408,10,1,2
995,68,3,0.6125734683448192,251,13,1,4
996,102,1,0.873698593466345,125,14,1,4
997,42,1,0.7239730554660938,118,11,1,5
998,54,3,0.12055841640369025,230,4,1,2
999,102,5,0.9024533072858417,401,2,0,2
1000,86,6,0.06644384435577488,50,5,0,1
